id;type;content;content_content_type
1;now;../fake-data/blob/hipster.png;image/png
2;until ha without;../fake-data/blob/hipster.png;image/png
3;ugly hm;../fake-data/blob/hipster.png;image/png
4;sternly form whoa;../fake-data/blob/hipster.png;image/png
5;jackknife aw control;../fake-data/blob/hipster.png;image/png
6;pace;../fake-data/blob/hipster.png;image/png
7;uh-huh remote joshingly;../fake-data/blob/hipster.png;image/png
8;without;../fake-data/blob/hipster.png;image/png
9;barring;../fake-data/blob/hipster.png;image/png
10;voluntarily raft;../fake-data/blob/hipster.png;image/png
